time	visibility	uvIndex	precipIntensity	dewPoint	cloudCover	icon	precipType
2017-11-26 21:00:00-05:00	10.0	0.0	0.0001	25.29	0.0	clear-night	rain
2017-11-26 21:15:00-05:00	10.0	0.0	0.000125	25.2825	0.0025	clear-night	rain
2017-11-26 21:30:00-05:00	10.0	0.0	0.00015	25.275	0.005	clear-night	rain
2017-11-26 21:45:00-05:00	10.0	0.0	0.000175	25.2675	0.0075	clear-night	rain
2017-11-26 22:00:00-05:00	10.0	0.0	0.0002	25.26	0.01	clear-night	rain
2017-11-26 22:15:00-05:00	10.0	0.0	0.000225	25.2675	0.0225	clear-night	rain
2017-11-26 22:30:00-05:00	10.0	0.0	0.00025	25.275	0.035	clear-night	rain
2017-11-26 22:45:00-05:00	10.0	0.0	0.000275	25.2825	0.0475	clear-night	rain
2017-11-26 23:00:00-05:00	10.0	0.0	0.0003	25.29	0.06	clear-night	rain
2017-11-26 23:15:00-05:00	10.0	0.0	0.000275	25.3	0.08	clear-night	rain
2017-11-26 23:30:00-05:00	10.0	0.0	0.00025	25.31	0.1	clear-night	rain
2017-11-26 23:45:00-05:00	10.0	0.0	0.000225	25.32	0.12	clear-night	rain
2017-11-27 00:00:00-05:00	10.0	0.0	0.0002	25.33	0.14	clear-night	rain
2017-11-27 00:15:00-05:00	10.0	0.0	0.0002	25.33	0.16	clear-night	rain
2017-11-27 00:30:00-05:00	10.0	0.0	0.0002	25.33	0.18	clear-night	rain
2017-11-27 00:45:00-05:00	10.0	0.0	0.0002	25.33	0.2	clear-night	rain
2017-11-27 01:00:00-05:00	10.0	0.0	0.0002	25.33	0.22	clear-night	rain
2017-11-27 01:15:00-05:00	10.0	0.0	0.000175	25.285	0.245	clear-night	rain
2017-11-27 01:30:00-05:00	10.0	0.0	0.00015	25.24	0.27	clear-night	rain
2017-11-27 01:45:00-05:00	10.0	0.0	0.000125	25.195	0.295	clear-night	rain
2017-11-27 02:00:00-05:00	10.0	0.0	0.0001	25.15	0.32	partly-cloudy-night	rain
2017-11-27 02:15:00-05:00	10.0	0.0	7.5e-05	25.105	0.3475	partly-cloudy-night	rain
2017-11-27 02:30:00-05:00	10.0	0.0	5e-05	25.06	0.375	partly-cloudy-night	rain
2017-11-27 02:45:00-05:00	10.0	0.0	2.5e-05	25.015	0.4025	partly-cloudy-night	rain
2017-11-27 03:00:00-05:00	10.0	0.0	0.0	24.97	0.43	partly-cloudy-night	
2017-11-27 03:15:00-05:00	10.0	0.0	0.0	24.9575	0.4425	partly-cloudy-night	
2017-11-27 03:30:00-05:00	10.0	0.0	0.0	24.945	0.455	partly-cloudy-night	
2017-11-27 03:45:00-05:00	10.0	0.0	0.0	24.9325	0.4675	partly-cloudy-night	
2017-11-27 04:00:00-05:00	10.0	0.0	0.0	24.92	0.48	partly-cloudy-night	
2017-11-27 04:15:00-05:00	10.0	0.0	0.0	24.9525	0.4625	partly-cloudy-night	
2017-11-27 04:30:00-05:00	10.0	0.0	0.0	24.985	0.445	partly-cloudy-night	
2017-11-27 04:45:00-05:00	10.0	0.0	0.0	25.0175	0.4275	partly-cloudy-night	
2017-11-27 05:00:00-05:00	10.0	0.0	0.0	25.05	0.41	partly-cloudy-night	
2017-11-27 05:15:00-05:00	10.0	0.0	2.5e-05	25.13	0.375	partly-cloudy-night	rain
2017-11-27 05:30:00-05:00	10.0	0.0	5e-05	25.21	0.34	partly-cloudy-night	rain
2017-11-27 05:45:00-05:00	10.0	0.0	7.5e-05	25.29	0.305	partly-cloudy-night	rain
2017-11-27 06:00:00-05:00	10.0	0.0	0.0001	25.37	0.27	partly-cloudy-night	snow
2017-11-27 06:15:00-05:00	10.0	0.0	0.000125	25.4775	0.2425	partly-cloudy-night	snow
2017-11-27 06:30:00-05:00	10.0	0.0	0.00015	25.585	0.215	partly-cloudy-night	snow
2017-11-27 06:45:00-05:00	10.0	0.0	0.000175	25.6925	0.1875	partly-cloudy-night	snow
2017-11-27 07:00:00-05:00	10.0	0.0	0.0002	25.8	0.16	clear-night	rain
2017-11-27 07:15:00-05:00	10.0	0.25	0.0002	25.9975	0.145	clear-night	rain
2017-11-27 07:30:00-05:00	10.0	0.5	0.0002	26.195	0.13	clear-night	rain
2017-11-27 07:45:00-05:00	10.0	0.75	0.0002	26.3925	0.115	clear-night	rain
2017-11-27 08:00:00-05:00	10.0	1.0	0.0002	26.59	0.1	clear-day	rain
2017-11-27 08:15:00-05:00	10.0	1.0	0.0002	26.815	0.085	clear-day	rain
2017-11-27 08:30:00-05:00	10.0	1.0	0.0002	27.04	0.07	clear-day	rain
2017-11-27 08:45:00-05:00	10.0	1.0	0.0002	27.265	0.055	clear-day	rain
2017-11-27 09:00:00-05:00	10.0	1.0	0.0002	27.49	0.04	clear-day	rain
2017-11-27 09:15:00-05:00	10.0	1.0	0.0002	27.6325	0.03	clear-day	rain
2017-11-27 09:30:00-05:00	10.0	1.0	0.0002	27.775	0.02	clear-day	rain
2017-11-27 09:45:00-05:00	10.0	1.0	0.0002	27.9175	0.01	clear-day	rain
2017-11-27 10:00:00-05:00	10.0	1.0	0.0002	28.06	0.0	clear-day	rain
2017-11-27 10:15:00-05:00	10.0	1.25	0.000175	28.0125	0.0	clear-day	rain
2017-11-27 10:30:00-05:00	10.0	1.5	0.00015	27.965	0.0	clear-day	rain
2017-11-27 10:45:00-05:00	10.0	1.75	0.000125	27.9175	0.0	clear-day	rain
2017-11-27 11:00:00-05:00	10.0	2.0	0.0001	27.87	0.0	clear-day	rain
2017-11-27 11:15:00-05:00	10.0	2.0	0.0001	27.7325	0.0	clear-day	rain
2017-11-27 11:30:00-05:00	10.0	2.0	0.0001	27.595	0.0	clear-day	rain
2017-11-27 11:45:00-05:00	10.0	2.0	0.0001	27.4575	0.0	clear-day	rain
2017-11-27 12:00:00-05:00	10.0	2.0	0.0001	27.32	0.0	clear-day	rain
2017-11-27 12:15:00-05:00	10.0	2.0	0.0001	27.1525	0.0025	clear-day	rain
2017-11-27 12:30:00-05:00	10.0	2.0	0.0001	26.985	0.005	clear-day	rain
2017-11-27 12:45:00-05:00	10.0	2.0	0.0001	26.8175	0.0075	clear-day	rain
2017-11-27 13:00:00-05:00	10.0	2.0	0.0001	26.65	0.01	clear-day	rain
2017-11-27 13:15:00-05:00	10.0	1.75	7.5e-05	26.4825	0.01	clear-day	rain
2017-11-27 13:30:00-05:00	10.0	1.5	5e-05	26.315	0.01	clear-day	rain
2017-11-27 13:45:00-05:00	10.0	1.25	2.5e-05	26.1475	0.01	clear-day	rain
2017-11-27 14:00:00-05:00	10.0	1.0	0.0	25.98	0.01	clear-day	
2017-11-27 14:15:00-05:00	10.0	1.0	0.0	25.825	0.0075	clear-day	
2017-11-27 14:30:00-05:00	10.0	1.0	0.0	25.67	0.005	clear-day	
2017-11-27 14:45:00-05:00	10.0	1.0	0.0	25.515	0.0025	clear-day	
2017-11-27 15:00:00-05:00	10.0	1.0	0.0	25.36	0.0	clear-day	
2017-11-27 15:15:00-05:00	10.0	0.75	0.0	25.2375	0.0	clear-day	
2017-11-27 15:30:00-05:00	10.0	0.5	0.0	25.115	0.0	clear-day	
2017-11-27 15:45:00-05:00	10.0	0.25	0.0	24.9925	0.0	clear-day	
2017-11-27 16:00:00-05:00	10.0	0.0	0.0	24.87	0.0	clear-day	
2017-11-27 16:15:00-05:00	10.0	0.0	0.0	24.8525	0.0	clear-day	
2017-11-27 16:30:00-05:00	10.0	0.0	0.0	24.835	0.0	clear-day	
2017-11-27 16:45:00-05:00	10.0	0.0	0.0	24.8175	0.0	clear-day	
2017-11-27 17:00:00-05:00	10.0	0.0	0.0	24.8	0.0	clear-night	
2017-11-27 17:15:00-05:00	10.0	0.0	0.0	24.8275	0.0	clear-night	
2017-11-27 17:30:00-05:00	10.0	0.0	0.0	24.855	0.0	clear-night	
2017-11-27 17:45:00-05:00	10.0	0.0	0.0	24.8825	0.0	clear-night	
2017-11-27 18:00:00-05:00	10.0	0.0	0.0	24.91	0.0	clear-night	
2017-11-27 18:15:00-05:00	10.0	0.0	2.5e-05	24.89	0.0	clear-night	rain
2017-11-27 18:30:00-05:00	10.0	0.0	5e-05	24.87	0.0	clear-night	rain
2017-11-27 18:45:00-05:00	10.0	0.0	7.5e-05	24.85	0.0	clear-night	rain
2017-11-27 19:00:00-05:00	10.0	0.0	0.0001	24.83	0.0	clear-night	rain
2017-11-27 19:15:00-05:00	10.0	0.0	0.000125	24.76	0.0025	clear-night	rain
2017-11-27 19:30:00-05:00	10.0	0.0	0.00015	24.69	0.005	clear-night	rain
2017-11-27 19:45:00-05:00	10.0	0.0	0.000175	24.62	0.0075	clear-night	rain
2017-11-27 20:00:00-05:00	10.0	0.0	0.0002	24.55	0.01	clear-night	rain
2017-11-27 20:15:00-05:00	10.0	0.0	0.0002	24.435	0.0125	clear-night	rain
2017-11-27 20:30:00-05:00	10.0	0.0	0.0002	24.32	0.015	clear-night	rain
2017-11-27 20:45:00-05:00	10.0	0.0	0.0002	24.205	0.0175	clear-night	rain
2017-11-27 21:00:00-05:00	10.0	0.0	0.0002	24.09	0.02	clear-night	rain
2017-11-27 21:15:00-05:00	10.0	0.0	0.0002	23.9775	0.0225	clear-night	rain
2017-11-27 21:30:00-05:00	10.0	0.0	0.0002	23.865	0.025	clear-night	rain
2017-11-27 21:45:00-05:00	10.0	0.0	0.0002	23.7525	0.0275	clear-night	rain
2017-11-27 22:00:00-05:00	10.0	0.0	0.0002	23.64	0.03	clear-night	rain
2017-11-27 22:15:00-05:00	10.0	0.0	0.000175	23.5075	0.03	clear-night	rain
2017-11-27 22:30:00-05:00	10.0	0.0	0.00015	23.375	0.03	clear-night	rain
2017-11-27 22:45:00-05:00	10.0	0.0	0.000125	23.2425	0.03	clear-night	rain
2017-11-27 23:00:00-05:00	10.0	0.0	0.0001	23.11	0.03	clear-night	rain
2017-11-27 23:15:00-05:00	10.0	0.0	0.0001	22.9825	0.0275	clear-night	rain
2017-11-27 23:30:00-05:00	10.0	0.0	0.0001	22.855	0.025	clear-night	rain
2017-11-27 23:45:00-05:00	10.0	0.0	0.0001	22.7275	0.0225	clear-night	rain
2017-11-28 00:00:00-05:00	10.0	0.0	0.0001	22.6	0.02	clear-night	snow
2017-11-28 00:15:00-05:00	10.0	0.0	0.0001	22.53	0.02	clear-night	snow
2017-11-28 00:30:00-05:00	10.0	0.0	0.0001	22.46	0.02	clear-night	snow
2017-11-28 00:45:00-05:00	10.0	0.0	0.0001	22.39	0.02	clear-night	snow
2017-11-28 01:00:00-05:00	10.0	0.0	0.0001	22.32	0.02	clear-night	snow
2017-11-28 01:15:00-05:00	10.0	0.0	0.0001	22.34	0.03	clear-night	snow
2017-11-28 01:30:00-05:00	10.0	0.0	0.0001	22.36	0.04	clear-night	snow
2017-11-28 01:45:00-05:00	10.0	0.0	0.0001	22.38	0.05	clear-night	snow
2017-11-28 02:00:00-05:00	10.0	0.0	0.0001	22.4	0.06	clear-night	snow
2017-11-28 02:15:00-05:00	10.0	0.0	0.000125	22.4675	0.0725	clear-night	snow
2017-11-28 02:30:00-05:00	10.0	0.0	0.00015	22.535	0.085	clear-night	snow
2017-11-28 02:45:00-05:00	10.0	0.0	0.000175	22.6025	0.0975	clear-night	snow
2017-11-28 03:00:00-05:00	10.0	0.0	0.0002	22.67	0.11	clear-night	snow
2017-11-28 03:15:00-05:00	10.0	0.0	0.000225	22.735	0.1175	clear-night	snow
2017-11-28 03:30:00-05:00	10.0	0.0	0.00025	22.8	0.125	clear-night	snow
2017-11-28 03:45:00-05:00	10.0	0.0	0.000275	22.865	0.1325	clear-night	snow
2017-11-28 04:00:00-05:00	10.0	0.0	0.0003	22.93	0.14	clear-night	snow
2017-11-28 04:15:00-05:00	10.0	0.0	0.000275	22.9925	0.14	clear-night	snow
2017-11-28 04:30:00-05:00	10.0	0.0	0.00025	23.055	0.14	clear-night	snow
2017-11-28 04:45:00-05:00	10.0	0.0	0.000225	23.1175	0.14	clear-night	snow
2017-11-28 05:00:00-05:00	10.0	0.0	0.0002	23.18	0.14	clear-night	snow
2017-11-28 05:15:00-05:00	10.0	0.0	0.0002	23.2575	0.135	clear-night	snow
2017-11-28 05:30:00-05:00	10.0	0.0	0.0002	23.335	0.13	clear-night	snow
2017-11-28 05:45:00-05:00	10.0	0.0	0.0002	23.4125	0.125	clear-night	snow
2017-11-28 06:00:00-05:00	10.0	0.0	0.0002	23.49	0.12	clear-night	snow
2017-11-28 06:15:00-05:00	10.0	0.0	0.0002	23.6025	0.115	clear-night	snow
2017-11-28 06:30:00-05:00	10.0	0.0	0.0002	23.715	0.11	clear-night	snow
2017-11-28 06:45:00-05:00	10.0	0.0	0.0002	23.8275	0.105	clear-night	snow
2017-11-28 07:00:00-05:00	10.0	0.0	0.0002	23.94	0.1	clear-night	snow
2017-11-28 07:15:00-05:00	10.0	0.25	0.000175	24.1125	0.09	clear-night	snow
2017-11-28 07:30:00-05:00	10.0	0.5	0.00015	24.285	0.08	clear-night	snow
2017-11-28 07:45:00-05:00	10.0	0.75	0.000125	24.4575	0.07	clear-night	snow
2017-11-28 08:00:00-05:00	10.0	1.0	0.0001	24.63	0.06	clear-day	snow
2017-11-28 08:15:00-05:00	10.0	1.0	7.5e-05	24.82	0.05	clear-day	snow
2017-11-28 08:30:00-05:00	10.0	1.0	5e-05	25.01	0.04	clear-day	snow
2017-11-28 08:45:00-05:00	10.0	1.0	2.5e-05	25.2	0.03	clear-day	snow
2017-11-28 09:00:00-05:00	10.0	1.0	0.0	25.39	0.02	clear-day	
2017-11-28 09:15:00-05:00	10.0	1.25	0.0	25.725	0.015	clear-day	
2017-11-28 09:30:00-05:00	10.0	1.5	0.0	26.06	0.01	clear-day	
2017-11-28 09:45:00-05:00	10.0	1.75	0.0	26.395	0.005	clear-day	
2017-11-28 10:00:00-05:00	10.0	2.0	0.0	26.73	0.0	clear-day	
2017-11-28 10:15:00-05:00	10.0	2.0	0.0	27.2875	0.005	clear-day	
2017-11-28 10:30:00-05:00	10.0	2.0	0.0	27.845	0.01	clear-day	
2017-11-28 10:45:00-05:00	10.0	2.0	0.0	28.4025	0.015	clear-day	
2017-11-28 11:00:00-05:00	10.0	2.0	0.0	28.96	0.02	clear-day	
2017-11-28 11:15:00-05:00	10.0	2.0	5e-05	29.66	0.0275	clear-day	snow
2017-11-28 11:30:00-05:00	10.0	2.0	0.0001	30.36	0.035	clear-day	snow
2017-11-28 11:45:00-05:00	10.0	2.0	0.00015	31.06	0.0425	clear-day	snow
2017-11-28 12:00:00-05:00	10.0	2.0	0.0002	31.76	0.05	clear-day	rain
2017-11-28 12:15:00-05:00	10.0	2.0	0.000225	32.365	0.0525	clear-day	rain
2017-11-28 12:30:00-05:00	10.0	2.0	0.00025	32.97	0.055	clear-day	rain
2017-11-28 12:45:00-05:00	10.0	2.0	0.000275	33.575	0.0575	clear-day	rain
2017-11-28 13:00:00-05:00	10.0	2.0	0.0003	34.18	0.06	clear-day	rain
2017-11-28 13:15:00-05:00	10.0	1.75	0.000275	34.6	0.0575	clear-day	rain
2017-11-28 13:30:00-05:00	10.0	1.5	0.00025	35.02	0.055	clear-day	rain
2017-11-28 13:45:00-05:00	10.0	1.25	0.000225	35.44	0.0525	clear-day	rain
2017-11-28 14:00:00-05:00	10.0	1.0	0.0002	35.86	0.05	clear-day	rain
2017-11-28 14:15:00-05:00	10.0	1.0	0.000175	36.175	0.0425	clear-day	rain
2017-11-28 14:30:00-05:00	10.0	1.0	0.00015	36.49	0.035	clear-day	rain
2017-11-28 14:45:00-05:00	10.0	1.0	0.000125	36.805	0.0275	clear-day	rain
2017-11-28 15:00:00-05:00	10.0	1.0	0.0001	37.12	0.02	clear-day	rain
2017-11-28 15:15:00-05:00	10.0	0.75	0.0001	37.395	0.015	clear-day	rain
2017-11-28 15:30:00-05:00	10.0	0.5	0.0001	37.67	0.01	clear-day	rain
2017-11-28 15:45:00-05:00	10.0	0.25	0.0001	37.945	0.005	clear-day	rain
2017-11-28 16:00:00-05:00	10.0	0.0	0.0001	38.22	0.0	clear-day	rain
2017-11-28 16:15:00-05:00	10.0	0.0	0.0001	38.46	0.0	clear-day	rain
2017-11-28 16:30:00-05:00	10.0	0.0	0.0001	38.7	0.0	clear-day	rain
2017-11-28 16:45:00-05:00	10.0	0.0	0.0001	38.94	0.0	clear-day	rain
2017-11-28 17:00:00-05:00	10.0	0.0	0.0001	39.18	0.0	clear-night	rain
2017-11-28 17:15:00-05:00	10.0	0.0	0.000125	39.3675	0.0	clear-night	rain
2017-11-28 17:30:00-05:00	10.0	0.0	0.00015	39.555	0.0	clear-night	rain
2017-11-28 17:45:00-05:00	10.0	0.0	0.000175	39.7425	0.0	clear-night	rain
2017-11-28 18:00:00-05:00	10.0	0.0	0.0002	39.93	0.0	clear-night	rain
2017-11-28 18:15:00-05:00	10.0	0.0	0.000225	40.0675	0.0	clear-night	rain
2017-11-28 18:30:00-05:00	10.0	0.0	0.00025	40.205	0.0	clear-night	rain
2017-11-28 18:45:00-05:00	10.0	0.0	0.000275	40.3425	0.0	clear-night	rain
2017-11-28 19:00:00-05:00	10.0	0.0	0.0003	40.48	0.0	clear-night	rain
2017-11-28 19:15:00-05:00	10.0	0.0	0.000275	40.56	0.0	clear-night	rain
2017-11-28 19:30:00-05:00	10.0	0.0	0.00025	40.64	0.0	clear-night	rain
2017-11-28 19:45:00-05:00	10.0	0.0	0.000225	40.72	0.0	clear-night	rain
2017-11-28 20:00:00-05:00	10.0	0.0	0.0002	40.8	0.0	clear-night	rain
2017-11-28 20:15:00-05:00	10.0	0.0	0.0002	40.835	0.0	clear-night	rain
2017-11-28 20:30:00-05:00	10.0	0.0	0.0002	40.87	0.0	clear-night	rain
2017-11-28 20:45:00-05:00	10.0	0.0	0.0002	40.905	0.0	clear-night	rain
2017-11-28 21:00:00-05:00	10.0	0.0	0.0002	40.94	0.0	clear-night	rain
2017-11-28 21:15:00-05:00	10.0	0.0	0.000175	40.935	0.0	clear-night	rain
2017-11-28 21:30:00-05:00	10.0	0.0	0.00015	40.93	0.0	clear-night	rain
2017-11-28 21:45:00-05:00	10.0	0.0	0.000125	40.925	0.0	clear-night	rain
2017-11-28 22:00:00-05:00	10.0	0.0	0.0001	40.92	0.0	clear-night	rain
2017-11-28 22:15:00-05:00	10.0	0.0	7.5e-05	40.87	0.0	clear-night	rain
2017-11-28 22:30:00-05:00	10.0	0.0	5e-05	40.82	0.0	clear-night	rain
2017-11-28 22:45:00-05:00	10.0	0.0	2.5e-05	40.77	0.0	clear-night	rain
2017-11-28 23:00:00-05:00	10.0	0.0	0.0	40.72	0.0	clear-night	
2017-11-28 23:15:00-05:00	10.0	0.0	0.0	40.63	0.0025	clear-night	
2017-11-28 23:30:00-05:00	10.0	0.0	0.0	40.54	0.005	clear-night	
2017-11-28 23:45:00-05:00	10.0	0.0	0.0	40.45	0.0075	clear-night	
2017-11-29 00:00:00-05:00	10.0	0.0	0.0	40.36	0.01	clear-night	
2017-11-29 00:15:00-05:00	10.0	0.0	0.0	40.285	0.01	clear-night	
2017-11-29 00:30:00-05:00	10.0	0.0	0.0	40.21	0.01	clear-night	
2017-11-29 00:45:00-05:00	10.0	0.0	0.0	40.135	0.01	clear-night	
2017-11-29 01:00:00-05:00	10.0	0.0	0.0	40.06	0.01	clear-night	
2017-11-29 01:15:00-05:00	10.0	0.0	0.0	40.06	0.01	clear-night	
2017-11-29 01:30:00-05:00	10.0	0.0	0.0	40.06	0.01	clear-night	
2017-11-29 01:45:00-05:00	10.0	0.0	0.0	40.06	0.01	clear-night	
2017-11-29 02:00:00-05:00	10.0	0.0	0.0	40.06	0.01	clear-night	
2017-11-29 02:15:00-05:00	10.0	0.0	2.5e-05	40.0675	0.015	clear-night	rain
2017-11-29 02:30:00-05:00	10.0	0.0	5e-05	40.075	0.02	clear-night	rain
2017-11-29 02:45:00-05:00	10.0	0.0	7.5e-05	40.0825	0.025	clear-night	rain
2017-11-29 03:00:00-05:00	10.0	0.0	0.0001	40.09	0.03	clear-night	rain
2017-11-29 03:15:00-05:00	10.0	0.0	0.0001	39.9875	0.0325	clear-night	rain
2017-11-29 03:30:00-05:00	10.0	0.0	0.0001	39.885	0.035	clear-night	rain
2017-11-29 03:45:00-05:00	10.0	0.0	0.0001	39.7825	0.0375	clear-night	rain
2017-11-29 04:00:00-05:00	10.0	0.0	0.0001	39.68	0.04	clear-night	rain
2017-11-29 04:15:00-05:00	10.0	0.0	0.000125	39.3325	0.055	clear-night	rain
2017-11-29 04:30:00-05:00	10.0	0.0	0.00015	38.985	0.07	clear-night	rain
2017-11-29 04:45:00-05:00	10.0	0.0	0.000175	38.6375	0.085	clear-night	rain
2017-11-29 05:00:00-05:00	10.0	0.0	0.0002	38.29	0.1	clear-night	rain
2017-11-29 05:15:00-05:00	10.0	0.0	0.0002	37.8225	0.12	clear-night	rain
2017-11-29 05:30:00-05:00	10.0	0.0	0.0002	37.355	0.14	clear-night	rain
2017-11-29 05:45:00-05:00	10.0	0.0	0.0002	36.8875	0.16	clear-night	rain
2017-11-29 06:00:00-05:00	10.0	0.0	0.0002	36.42	0.18	clear-night	rain
2017-11-29 06:15:00-05:00	10.0	0.0	0.000175	36.125	0.1925	clear-night	rain
2017-11-29 06:30:00-05:00	10.0	0.0	0.00015	35.83	0.205	clear-night	rain
2017-11-29 06:45:00-05:00	10.0	0.0	0.000125	35.535	0.2175	clear-night	rain
2017-11-29 07:00:00-05:00	10.0	0.0	0.0001	35.24	0.23	clear-night	rain
2017-11-29 07:15:00-05:00	10.0	0.25	7.5e-05	35.31	0.23	clear-night	rain
2017-11-29 07:30:00-05:00	10.0	0.5	5e-05	35.38	0.23	clear-night	rain
2017-11-29 07:45:00-05:00	10.0	0.75	2.5e-05	35.45	0.23	clear-night	rain
2017-11-29 08:00:00-05:00	10.0	1.0	0.0	35.52	0.23	clear-day	
2017-11-29 08:15:00-05:00	10.0	1.0	0.0	35.7375	0.2225	clear-day	
2017-11-29 08:30:00-05:00	10.0	1.0	0.0	35.955	0.215	clear-day	
2017-11-29 08:45:00-05:00	10.0	1.0	0.0	36.1725	0.2075	clear-day	
2017-11-29 09:00:00-05:00	10.0	1.0	0.0	36.39	0.2	clear-day	
2017-11-29 09:15:00-05:00	10.0	1.0	0.0	36.4075	0.1925	clear-day	
2017-11-29 09:30:00-05:00	10.0	1.0	0.0	36.425	0.185	clear-day	
2017-11-29 09:45:00-05:00	10.0	1.0	0.0	36.4425	0.1775	clear-day	
2017-11-29 10:00:00-05:00	10.0	1.0	0.0	36.46	0.17	clear-day	
2017-11-29 10:15:00-05:00	10.0	1.25	0.0	36.045	0.165	clear-day	
2017-11-29 10:30:00-05:00	10.0	1.5	0.0	35.63	0.16	clear-day	
2017-11-29 10:45:00-05:00	10.0	1.75	0.0	35.215	0.155	clear-day	
2017-11-29 11:00:00-05:00	10.0	2.0	0.0	34.8	0.15	clear-day	
2017-11-29 11:15:00-05:00	10.0	2.0	0.0	34.1925	0.1425	clear-day	
2017-11-29 11:30:00-05:00	10.0	2.0	0.0	33.585	0.135	clear-day	
2017-11-29 11:45:00-05:00	10.0	2.0	0.0	32.9775	0.1275	clear-day	
2017-11-29 12:00:00-05:00	10.0	2.0	0.0	32.37	0.12	clear-day	
2017-11-29 12:15:00-05:00	10.0	2.0	2.5e-05	31.9	0.1125	clear-day	rain
2017-11-29 12:30:00-05:00	10.0	2.0	5e-05	31.43	0.105	clear-day	rain
2017-11-29 12:45:00-05:00	10.0	2.0	7.5e-05	30.96	0.0975	clear-day	rain
2017-11-29 13:00:00-05:00	10.0	2.0	0.0001	30.49	0.09	clear-day	rain
2017-11-29 13:15:00-05:00	10.0	1.75	0.0001	30.34	0.0825	clear-day	rain
2017-11-29 13:30:00-05:00	10.0	1.5	0.0001	30.19	0.075	clear-day	rain
2017-11-29 13:45:00-05:00	10.0	1.25	0.0001	30.04	0.0675	clear-day	rain
2017-11-29 14:00:00-05:00	10.0	1.0	0.0001	29.89	0.06	clear-day	rain
2017-11-29 14:15:00-05:00	10.0	1.0	0.0001	29.8775	0.0525	clear-day	rain
2017-11-29 14:30:00-05:00	10.0	1.0	0.0001	29.865	0.045	clear-day	rain
2017-11-29 14:45:00-05:00	10.0	1.0	0.0001	29.8525	0.0375	clear-day	rain
2017-11-29 15:00:00-05:00	10.0	1.0	0.0001	29.84	0.03	clear-day	rain
2017-11-29 15:15:00-05:00	10.0	0.75	0.0001	29.8275	0.025	clear-day	rain
2017-11-29 15:30:00-05:00	10.0	0.5	0.0001	29.815	0.02	clear-day	rain
2017-11-29 15:45:00-05:00	10.0	0.25	0.0001	29.8025	0.015	clear-day	rain
2017-11-29 16:00:00-05:00	10.0	0.0	0.0001	29.79	0.01	clear-day	rain
2017-11-29 16:15:00-05:00	10.0	0.0	0.0001	29.695	0.01	clear-day	rain
2017-11-29 16:30:00-05:00	10.0	0.0	0.0001	29.6	0.01	clear-day	rain
2017-11-29 16:45:00-05:00	10.0	0.0	0.0001	29.505	0.01	clear-day	rain
2017-11-29 17:00:00-05:00	10.0	0.0	0.0001	29.41	0.01	clear-night	rain
2017-11-29 17:15:00-05:00	10.0	0.0	0.0001	29.3	0.0075	clear-night	rain
2017-11-29 17:30:00-05:00	10.0	0.0	0.0001	29.19	0.005	clear-night	rain
2017-11-29 17:45:00-05:00	10.0	0.0	0.0001	29.08	0.0025	clear-night	rain
2017-11-29 18:00:00-05:00	10.0	0.0	0.0001	28.97	0.0	clear-night	rain
2017-11-29 18:15:00-05:00	10.0	0.0	0.000125	28.855	0.0	clear-night	rain
2017-11-29 18:30:00-05:00	10.0	0.0	0.00015	28.74	0.0	clear-night	rain
2017-11-29 18:45:00-05:00	10.0	0.0	0.000175	28.625	0.0	clear-night	rain
2017-11-29 19:00:00-05:00	10.0	0.0	0.0002	28.51	0.0	clear-night	rain
2017-11-29 19:15:00-05:00	10.0	0.0	0.0002	28.375	0.0	clear-night	rain
2017-11-29 19:30:00-05:00	10.0	0.0	0.0002	28.24	0.0	clear-night	rain
2017-11-29 19:45:00-05:00	10.0	0.0	0.0002	28.105	0.0	clear-night	rain
2017-11-29 20:00:00-05:00	10.0	0.0	0.0002	27.97	0.0	clear-night	rain
2017-11-29 20:15:00-05:00	10.0	0.0	0.0002	27.83	0.0025	clear-night	rain
2017-11-29 20:30:00-05:00	10.0	0.0	0.0002	27.69	0.005	clear-night	rain
2017-11-29 20:45:00-05:00	10.0	0.0	0.0002	27.55	0.0075	clear-night	rain
2017-11-29 21:00:00-05:00	10.0	0.0	0.0002	27.41	0.01	clear-night	rain
2017-11-29 21:15:00-05:00	10.0	0.0	0.000225	27.2725	0.01	clear-night	rain
2017-11-29 21:30:00-05:00	10.0	0.0	0.00025	27.135	0.01	clear-night	rain
2017-11-29 21:45:00-05:00	10.0	0.0	0.000275	26.9975	0.01	clear-night	rain
2017-11-29 22:00:00-05:00	10.0	0.0	0.0003	26.86	0.01	clear-night	rain
2017-11-29 22:15:00-05:00	10.0	0.0	0.0003	26.7575	0.01	clear-night	rain
2017-11-29 22:30:00-05:00	10.0	0.0	0.0003	26.655	0.01	clear-night	rain
2017-11-29 22:45:00-05:00	10.0	0.0	0.0003	26.5525	0.01	clear-night	rain
2017-11-29 23:00:00-05:00	10.0	0.0	0.0003	26.45	0.01	clear-night	rain
2017-11-29 23:15:00-05:00	10.0	0.0	0.0003	26.365	0.0075	clear-night	rain
2017-11-29 23:30:00-05:00	10.0	0.0	0.0003	26.28	0.005	clear-night	rain
2017-11-29 23:45:00-05:00	10.0	0.0	0.0003	26.195	0.0025	clear-night	rain
2017-11-30 00:00:00-05:00	10.0	0.0	0.0003	26.11	0.0	clear-night	rain
2017-11-30 00:15:00-05:00	10.0	0.0	0.0003	26.0375	0.0	clear-night	rain
2017-11-30 00:30:00-05:00	10.0	0.0	0.0003	25.965	0.0	clear-night	rain
2017-11-30 00:45:00-05:00	10.0	0.0	0.0003	25.8925	0.0	clear-night	rain
2017-11-30 01:00:00-05:00	10.0	0.0	0.0003	25.82	0.0	clear-night	rain
2017-11-30 01:15:00-05:00	10.0	0.0	0.000275	25.34	0.0	clear-night	rain
2017-11-30 01:30:00-05:00	10.0	0.0	0.00025	24.86	0.0	clear-night	rain
2017-11-30 01:45:00-05:00	10.0	0.0	0.000225	24.38	0.0	clear-night	rain
2017-11-30 02:00:00-05:00	10.0	0.0	0.0002	23.9	0.0	clear-night	rain
2017-11-30 02:15:00-05:00	10.0	0.0	0.00015	23.8	0.0	clear-night	rain
2017-11-30 02:30:00-05:00	10.0	0.0	0.0001	23.7	0.0	clear-night	rain
2017-11-30 02:45:00-05:00	10.0	0.0	5e-05	23.6	0.0	clear-night	rain
2017-11-30 03:00:00-05:00	10.0	0.0	0.0	23.5	0.0	clear-night	
2017-11-30 03:15:00-05:00	10.0	0.0	0.0	23.4375	0.0	clear-night	
2017-11-30 03:30:00-05:00	10.0	0.0	0.0	23.375	0.0	clear-night	
2017-11-30 03:45:00-05:00	10.0	0.0	0.0	23.3125	0.0	clear-night	
2017-11-30 04:00:00-05:00	10.0	0.0	0.0	23.25	0.0	clear-night	
2017-11-30 04:15:00-05:00	10.0	0.0	0.0	23.2425	0.0275	clear-night	
2017-11-30 04:30:00-05:00	10.0	0.0	0.0	23.235	0.055	clear-night	
2017-11-30 04:45:00-05:00	10.0	0.0	0.0	23.2275	0.0825	clear-night	
2017-11-30 05:00:00-05:00	10.0	0.0	0.0	23.22	0.11	clear-night	
2017-11-30 05:15:00-05:00	10.0	0.0	0.0	23.26	0.1475	clear-night	
2017-11-30 05:30:00-05:00	10.0	0.0	0.0	23.3	0.185	clear-night	
2017-11-30 05:45:00-05:00	10.0	0.0	0.0	23.34	0.2225	clear-night	
2017-11-30 06:00:00-05:00	10.0	0.0	0.0	23.38	0.26	partly-cloudy-night	
2017-11-30 06:15:00-05:00	10.0	0.0	2.5e-05	23.45	0.2875	partly-cloudy-night	rain
2017-11-30 06:30:00-05:00	10.0	0.0	5e-05	23.52	0.315	partly-cloudy-night	rain
2017-11-30 06:45:00-05:00	10.0	0.0	7.5e-05	23.59	0.3425	partly-cloudy-night	rain
2017-11-30 07:00:00-05:00	10.0	0.0	0.0001	23.66	0.37	partly-cloudy-night	snow
2017-11-30 07:15:00-05:00	10.0	0.25	7.5e-05	24.3425	0.3025	partly-cloudy-night	snow
2017-11-30 07:30:00-05:00	10.0	0.5	5e-05	25.025	0.235	partly-cloudy-night	snow
2017-11-30 07:45:00-05:00	10.0	0.75	2.5e-05	25.7075	0.1675	partly-cloudy-night	snow
2017-11-30 08:00:00-05:00	10.0	1.0	0.0	26.39	0.1	clear-day	
2017-11-30 08:15:00-05:00	10.0	1.0	2.5e-05	26.6675	0.135	clear-day	snow
2017-11-30 08:30:00-05:00	10.0	1.0	5e-05	26.945	0.17	clear-day	snow
2017-11-30 08:45:00-05:00	10.0	1.0	7.5e-05	27.2225	0.205	clear-day	snow
2017-11-30 09:00:00-05:00	10.0	1.0	0.0001	27.5	0.24	clear-day	rain
2017-11-30 09:15:00-05:00	10.0	1.0	0.000125	27.8025	0.2725	clear-day	rain
2017-11-30 09:30:00-05:00	10.0	1.0	0.00015	28.105	0.305	clear-day	rain
2017-11-30 09:45:00-05:00	10.0	1.0	0.000175	28.4075	0.3375	clear-day	rain
2017-11-30 10:00:00-05:00	10.0	1.0	0.0002	28.71	0.37	partly-cloudy-day	rain
2017-11-30 10:15:00-05:00	10.0	1.0	0.000175	29.0375	0.3975	partly-cloudy-day	rain
2017-11-30 10:30:00-05:00	10.0	1.0	0.00015	29.365	0.425	partly-cloudy-day	rain
2017-11-30 10:45:00-05:00	10.0	1.0	0.000125	29.6925	0.4525	partly-cloudy-day	rain
2017-11-30 11:00:00-05:00	10.0	1.0	0.0001	30.02	0.48	partly-cloudy-day	rain
2017-11-30 11:15:00-05:00	10.0	1.0	7.5e-05	30.3675	0.505	partly-cloudy-day	rain
2017-11-30 11:30:00-05:00	10.0	1.0	5e-05	30.715	0.53	partly-cloudy-day	rain
2017-11-30 11:45:00-05:00	10.0	1.0	2.5e-05	31.0625	0.555	partly-cloudy-day	rain
2017-11-30 12:00:00-05:00	10.0	1.0	0.0	31.41	0.58	partly-cloudy-day	
2017-11-30 12:15:00-05:00	10.0	1.0	0.0	31.7475	0.605	partly-cloudy-day	
2017-11-30 12:30:00-05:00	10.0	1.0	0.0	32.085	0.63	partly-cloudy-day	
2017-11-30 12:45:00-05:00	10.0	1.0	0.0	32.4225	0.655	partly-cloudy-day	
2017-11-30 13:00:00-05:00	10.0	1.0	0.0	32.76	0.68	partly-cloudy-day	
2017-11-30 13:15:00-05:00	10.0	1.0	0.0	33.0675	0.71	partly-cloudy-day	
2017-11-30 13:30:00-05:00	10.0	1.0	0.0	33.375	0.74	partly-cloudy-day	
2017-11-30 13:45:00-05:00	10.0	1.0	0.0	33.6825	0.77	partly-cloudy-day	
2017-11-30 14:00:00-05:00	10.0	1.0	0.0	33.99	0.8	partly-cloudy-day	
2017-11-30 14:15:00-05:00	10.0	0.75	0.0	34.28	0.83	partly-cloudy-day	
2017-11-30 14:30:00-05:00	10.0	0.5	0.0	34.57	0.86	partly-cloudy-day	
2017-11-30 14:45:00-05:00	10.0	0.25	0.0	34.86	0.89	partly-cloudy-day	
2017-11-30 15:00:00-05:00	10.0	0.0	0.0	35.15	0.92	partly-cloudy-day	
2017-11-30 15:15:00-05:00	10.0	0.0	0.0	35.4225	0.94	partly-cloudy-day	
2017-11-30 15:30:00-05:00	10.0	0.0	0.0	35.695	0.96	partly-cloudy-day	
2017-11-30 15:45:00-05:00	10.0	0.0	0.0	35.9675	0.98	partly-cloudy-day	
2017-11-30 16:00:00-05:00	10.0	0.0	0.0	36.24	1.0	cloudy	
2017-11-30 16:15:00-05:00	10.0	0.0	0.0	36.5125	1.0	cloudy	
2017-11-30 16:30:00-05:00	10.0	0.0	0.0	36.785	1.0	cloudy	
2017-11-30 16:45:00-05:00	10.0	0.0	0.0	37.0575	1.0	cloudy	
2017-11-30 17:00:00-05:00	10.0	0.0	0.0	37.33	1.0	cloudy	
2017-11-30 17:15:00-05:00	10.0	0.0	2.5e-05	37.5825	1.0	cloudy	rain
2017-11-30 17:30:00-05:00	10.0	0.0	5e-05	37.835	1.0	cloudy	rain
2017-11-30 17:45:00-05:00	10.0	0.0	7.5e-05	38.0875	1.0	cloudy	rain
2017-11-30 18:00:00-05:00	10.0	0.0	0.0001	38.34	1.0	cloudy	rain
2017-11-30 18:15:00-05:00	10.0	0.0	0.0001	38.5825	1.0	cloudy	rain
2017-11-30 18:30:00-05:00	10.0	0.0	0.0001	38.825	1.0	cloudy	rain
2017-11-30 18:45:00-05:00	10.0	0.0	0.0001	39.0675	1.0	cloudy	rain
2017-11-30 19:00:00-05:00	10.0	0.0	0.0001	39.31	1.0	cloudy	rain
2017-11-30 19:15:00-05:00	10.0	0.0	0.0001	39.515	0.995	cloudy	rain
2017-11-30 19:30:00-05:00	10.0	0.0	0.0001	39.72	0.99	cloudy	rain
2017-11-30 19:45:00-05:00	10.0	0.0	0.0001	39.925	0.985	cloudy	rain
2017-11-30 20:00:00-05:00	10.0	0.0	0.0001	40.13	0.98	cloudy	rain
2017-11-30 20:15:00-05:00	10.0	0.0	7.5e-05	40.3175	0.9725	cloudy	rain
2017-11-30 20:30:00-05:00	10.0	0.0	5e-05	40.505	0.965	cloudy	rain
2017-11-30 20:45:00-05:00	10.0	0.0	2.5e-05	40.6925	0.9575	cloudy	rain
2017-11-30 21:00:00-05:00	10.0	0.0	0.0	40.88	0.95	cloudy	
2017-11-30 21:15:00-05:00	10.0	0.0	0.0	41.1075	0.945	cloudy	
2017-11-30 21:30:00-05:00	10.0	0.0	0.0	41.335	0.94	cloudy	
2017-11-30 21:45:00-05:00	10.0	0.0	0.0	41.5625	0.935	cloudy	
2017-11-30 22:00:00-05:00	10.0	0.0	0.0	41.79	0.93	partly-cloudy-night	
2017-11-30 22:15:00-05:00	10.0	0.0	2.5e-05	42.0775	0.93	partly-cloudy-night	rain
2017-11-30 22:30:00-05:00	10.0	0.0	5e-05	42.365	0.93	partly-cloudy-night	rain
2017-11-30 22:45:00-05:00	10.0	0.0	7.5e-05	42.6525	0.93	partly-cloudy-night	rain
2017-11-30 23:00:00-05:00	10.0	0.0	0.0001	42.94	0.93	partly-cloudy-night	rain
2017-11-30 23:15:00-05:00	10.0	0.0	0.000225	43.245	0.935	partly-cloudy-night	rain
2017-11-30 23:30:00-05:00	10.0	0.0	0.00035	43.55	0.94	partly-cloudy-night	rain
2017-11-30 23:45:00-05:00	10.0	0.0	0.000475	43.855	0.945	partly-cloudy-night	rain
2017-12-01 00:00:00-05:00	10.0	0.0	0.0006	44.16	0.95	cloudy	rain
2017-12-01 00:15:00-05:00	10.0	0.0	0.00085	44.365	0.9525	cloudy	rain
2017-12-01 00:30:00-05:00	10.0	0.0	0.0011	44.57	0.955	cloudy	rain
2017-12-01 00:45:00-05:00	10.0	0.0	0.00135	44.775	0.9575	cloudy	rain
2017-12-01 01:00:00-05:00	10.0	0.0	0.0016	44.98	0.96	cloudy	rain
2017-12-01 01:15:00-05:00	10.0	0.0	0.002075	45.035	0.965	cloudy	rain
2017-12-01 01:30:00-05:00	10.0	0.0	0.00255	45.09	0.97	cloudy	rain
2017-12-01 01:45:00-05:00	10.0	0.0	0.003025	45.145	0.975	cloudy	rain
2017-12-01 02:00:00-05:00	10.0	0.0	0.0035	45.2	0.98	cloudy	rain
2017-12-01 02:15:00-05:00	10.0	0.0	0.00455	45.16	0.9825	cloudy	rain
2017-12-01 02:30:00-05:00	10.0	0.0	0.0056	45.12	0.985	cloudy	rain
2017-12-01 02:45:00-05:00	10.0	0.0	0.00665	45.08	0.9875	cloudy	rain
2017-12-01 03:00:00-05:00	10.0	0.0	0.0077	45.04	0.99	cloudy	rain
2017-12-01 03:15:00-05:00	10.0	0.0	0.0089	44.9775	0.9925	cloudy	rain
2017-12-01 03:30:00-05:00	10.0	0.0	0.0101	44.915	0.995	cloudy	rain
2017-12-01 03:45:00-05:00	10.0	0.0	0.0113	44.8525	0.9975	cloudy	rain
2017-12-01 04:00:00-05:00	10.0	0.0	0.0125	44.79	1.0	cloudy	rain
2017-12-01 04:15:00-05:00	10.0	0.0	0.01405	44.7625	1.0	cloudy	rain
2017-12-01 04:30:00-05:00	10.0	0.0	0.0156	44.735	1.0	cloudy	rain
2017-12-01 04:45:00-05:00	10.0	0.0	0.01715	44.7075	1.0	cloudy	rain
2017-12-01 05:00:00-05:00	10.0	0.0	0.0187	44.68	1.0	cloudy	rain
2017-12-01 05:15:00-05:00	10.0	0.0	0.021675	44.635	1.0	cloudy	rain
2017-12-01 05:30:00-05:00	10.0	0.0	0.02465	44.59	1.0	cloudy	rain
2017-12-01 05:45:00-05:00	10.0	0.0	0.027625	44.545	1.0	cloudy	rain
2017-12-01 06:00:00-05:00	10.0	0.0	0.0306	44.5	1.0	cloudy	rain
2017-12-01 06:15:00-05:00	10.0	0.0	0.032475	44.4025	1.0	cloudy	rain
2017-12-01 06:30:00-05:00	10.0	0.0	0.03435	44.305	1.0	cloudy	rain
2017-12-01 06:45:00-05:00	10.0	0.0	0.036225	44.2075	1.0	cloudy	rain
2017-12-01 07:00:00-05:00	10.0	0.0	0.0381	44.11	1.0	rain	rain
2017-12-01 07:15:00-05:00	10.0	0.0	0.03555	43.9125	0.98	rain	rain
2017-12-01 07:30:00-05:00	10.0	0.0	0.033	43.715	0.96	rain	rain
2017-12-01 07:45:00-05:00	10.0	0.0	0.03045	43.5175	0.94	rain	rain
2017-12-01 08:00:00-05:00	10.0	0.0	0.0279	43.32	0.92	partly-cloudy-day	rain
2017-12-01 08:15:00-05:00	10.0	0.25	0.024025	43.04	0.89	partly-cloudy-day	rain
2017-12-01 08:30:00-05:00	10.0	0.5	0.02015	42.76	0.86	partly-cloudy-day	rain
2017-12-01 08:45:00-05:00	10.0	0.75	0.016275	42.48	0.83	partly-cloudy-day	rain
2017-12-01 09:00:00-05:00	10.0	1.0	0.0124	42.2	0.8	partly-cloudy-day	rain
2017-12-01 09:15:00-05:00	10.0	1.0	0.010325	41.875	0.7725	partly-cloudy-day	rain
2017-12-01 09:30:00-05:00	10.0	1.0	0.00825	41.55	0.745	partly-cloudy-day	rain
2017-12-01 09:45:00-05:00	10.0	1.0	0.006175	41.225	0.7175	partly-cloudy-day	rain
2017-12-01 10:00:00-05:00	10.0	1.0	0.0041	40.9	0.69	partly-cloudy-day	rain
2017-12-01 10:15:00-05:00	10.0	1.0	0.0034	40.5125	0.665	partly-cloudy-day	rain
2017-12-01 10:30:00-05:00	10.0	1.0	0.0027	40.125	0.64	partly-cloudy-day	rain
2017-12-01 10:45:00-05:00	10.0	1.0	0.002	39.7375	0.615	partly-cloudy-day	rain
2017-12-01 11:00:00-05:00	10.0	1.0	0.0013	39.35	0.59	partly-cloudy-day	rain
2017-12-01 11:15:00-05:00	10.0	1.0	0.001025	38.9275	0.57	partly-cloudy-day	rain
2017-12-01 11:30:00-05:00	10.0	1.0	0.00075	38.505	0.55	partly-cloudy-day	rain
2017-12-01 11:45:00-05:00	10.0	1.0	0.000475	38.0825	0.53	partly-cloudy-day	rain
2017-12-01 12:00:00-05:00	10.0	1.0	0.0002	37.66	0.51	partly-cloudy-day	rain
2017-12-01 12:15:00-05:00	10.0	1.0	0.00015	37.24	0.4975	partly-cloudy-day	rain
2017-12-01 12:30:00-05:00	10.0	1.0	0.0001	36.82	0.485	partly-cloudy-day	rain
2017-12-01 12:45:00-05:00	10.0	1.0	5e-05	36.4	0.4725	partly-cloudy-day	rain
2017-12-01 13:00:00-05:00	10.0	1.0	0.0	35.98	0.46	partly-cloudy-day	
2017-12-01 13:15:00-05:00	10.0	1.0	0.0	35.59	0.465	partly-cloudy-day	
2017-12-01 13:30:00-05:00	10.0	1.0	0.0	35.2	0.47	partly-cloudy-day	
2017-12-01 13:45:00-05:00	10.0	1.0	0.0	34.81	0.475	partly-cloudy-day	
2017-12-01 14:00:00-05:00	10.0	1.0	0.0	34.42	0.48	partly-cloudy-day	
2017-12-01 14:15:00-05:00	10.0	0.75	0.0	34.045	0.4925	partly-cloudy-day	
2017-12-01 14:30:00-05:00	10.0	0.5	0.0	33.67	0.505	partly-cloudy-day	
2017-12-01 14:45:00-05:00	10.0	0.25	0.0	33.295	0.5175	partly-cloudy-day	
2017-12-01 15:00:00-05:00	10.0	0.0	0.0	32.92	0.53	partly-cloudy-day	
2017-12-01 15:15:00-05:00	10.0	0.0	0.0	32.5825	0.535	partly-cloudy-day	
2017-12-01 15:30:00-05:00	10.0	0.0	0.0	32.245	0.54	partly-cloudy-day	
2017-12-01 15:45:00-05:00	10.0	0.0	0.0	31.9075	0.545	partly-cloudy-day	
2017-12-01 16:00:00-05:00	10.0	0.0	0.0	31.57	0.55	partly-cloudy-day	
2017-12-01 16:15:00-05:00	10.0	0.0	0.0	31.2675	0.535	partly-cloudy-day	
2017-12-01 16:30:00-05:00	10.0	0.0	0.0	30.965	0.52	partly-cloudy-day	
2017-12-01 16:45:00-05:00	10.0	0.0	0.0	30.6625	0.505	partly-cloudy-day	
2017-12-01 17:00:00-05:00	10.0	0.0	0.0	30.36	0.49	partly-cloudy-night	
2017-12-01 17:15:00-05:00	10.0	0.0	0.0	30.105	0.4625	partly-cloudy-night	
2017-12-01 17:30:00-05:00	10.0	0.0	0.0	29.85	0.435	partly-cloudy-night	
2017-12-01 17:45:00-05:00	10.0	0.0	0.0	29.595	0.4075	partly-cloudy-night	
2017-12-01 18:00:00-05:00	10.0	0.0	0.0	29.34	0.38	partly-cloudy-night	
2017-12-01 18:15:00-05:00	10.0	0.0	2.5e-05	29.15	0.355	partly-cloudy-night	rain
2017-12-01 18:30:00-05:00	10.0	0.0	5e-05	28.96	0.33	partly-cloudy-night	rain
2017-12-01 18:45:00-05:00	10.0	0.0	7.5e-05	28.77	0.305	partly-cloudy-night	rain
2017-12-01 19:00:00-05:00	10.0	0.0	0.0001	28.58	0.28	partly-cloudy-night	rain
2017-12-01 19:15:00-05:00	10.0	0.0	0.0001	28.46	0.2525	partly-cloudy-night	rain
2017-12-01 19:30:00-05:00	10.0	0.0	0.0001	28.34	0.225	partly-cloudy-night	rain
2017-12-01 19:45:00-05:00	10.0	0.0	0.0001	28.22	0.1975	partly-cloudy-night	rain
2017-12-01 20:00:00-05:00	10.0	0.0	0.0001	28.1	0.17	clear-night	rain
2017-12-01 20:15:00-05:00	10.0	0.0	0.0001	28.05	0.145	clear-night	rain
2017-12-01 20:30:00-05:00	10.0	0.0	0.0001	28.0	0.12	clear-night	rain
2017-12-01 20:45:00-05:00	10.0	0.0	0.0001	27.95	0.095	clear-night	rain
2017-12-01 21:00:00-05:00	10.0	0.0	0.0001	27.9	0.07	clear-night	rain
2017-12-01 21:15:00-05:00	10.0	0.0	0.000125	27.9	0.0525	clear-night	rain
2017-12-01 21:30:00-05:00	10.0	0.0	0.00015	27.9	0.035	clear-night	rain
2017-12-01 21:45:00-05:00	10.0	0.0	0.000175	27.9	0.0175	clear-night	rain
2017-12-01 22:00:00-05:00	10.0	0.0	0.0002	27.9	0.0	clear-night	rain
2017-12-01 22:15:00-05:00	10.0	0.0	0.0002	27.96	0.0	clear-night	rain
2017-12-01 22:30:00-05:00	10.0	0.0	0.0002	28.02	0.0	clear-night	rain
2017-12-01 22:45:00-05:00	10.0	0.0	0.0002	28.08	0.0	clear-night	rain
2017-12-01 23:00:00-05:00	10.0	0.0	0.0002	28.14	0.0	clear-night	rain
2017-12-01 23:15:00-05:00	10.0	0.0	0.000175	28.245	0.0	clear-night	rain
2017-12-01 23:30:00-05:00	10.0	0.0	0.00015	28.35	0.0	clear-night	rain
2017-12-01 23:45:00-05:00	10.0	0.0	0.000125	28.455	0.0	clear-night	rain
2017-12-02 00:00:00-05:00	10.0	0.0	0.0001	28.56	0.0	clear-night	rain
2017-12-02 00:15:00-05:00	10.0	0.0	0.0001	28.62	0.0	clear-night	rain
2017-12-02 00:30:00-05:00	10.0	0.0	0.0001	28.68	0.0	clear-night	rain
2017-12-02 00:45:00-05:00	10.0	0.0	0.0001	28.74	0.0	clear-night	rain
2017-12-02 01:00:00-05:00	10.0	0.0	0.0001	28.8	0.0	clear-night	rain
2017-12-02 01:15:00-05:00	10.0	0.0	7.5e-05	28.8025	0.0	clear-night	rain
2017-12-02 01:30:00-05:00	10.0	0.0	5e-05	28.805	0.0	clear-night	rain
2017-12-02 01:45:00-05:00	10.0	0.0	2.5e-05	28.8075	0.0	clear-night	rain
2017-12-02 02:00:00-05:00	10.0	0.0	0.0	28.81	0.0	clear-night	
2017-12-02 02:15:00-05:00	10.0	0.0	0.0	28.7925	0.0	clear-night	
2017-12-02 02:30:00-05:00	10.0	0.0	0.0	28.775	0.0	clear-night	
2017-12-02 02:45:00-05:00	10.0	0.0	0.0	28.7575	0.0	clear-night	
2017-12-02 03:00:00-05:00	10.0	0.0	0.0	28.74	0.0	clear-night	
2017-12-02 03:15:00-05:00	10.0	0.0	0.0	28.7125	0.0	clear-night	
2017-12-02 03:30:00-05:00	10.0	0.0	0.0	28.685	0.0	clear-night	
2017-12-02 03:45:00-05:00	10.0	0.0	0.0	28.6575	0.0	clear-night	
2017-12-02 04:00:00-05:00	10.0	0.0	0.0	28.63	0.0	clear-night	
2017-12-02 04:15:00-05:00	10.0	0.0	0.0	28.615	0.0	clear-night	
2017-12-02 04:30:00-05:00	10.0	0.0	0.0	28.6	0.0	clear-night	
2017-12-02 04:45:00-05:00	10.0	0.0	0.0	28.585	0.0	clear-night	
2017-12-02 05:00:00-05:00	10.0	0.0	0.0	28.57	0.0	clear-night	
2017-12-02 05:15:00-05:00	10.0	0.0	0.0	28.5675	0.0	clear-night	
2017-12-02 05:30:00-05:00	10.0	0.0	0.0	28.565	0.0	clear-night	
2017-12-02 05:45:00-05:00	10.0	0.0	0.0	28.5625	0.0	clear-night	
2017-12-02 06:00:00-05:00	10.0	0.0	0.0	28.56	0.0	clear-night	
2017-12-02 06:15:00-05:00	10.0	0.0	0.0	28.545	0.0	clear-night	
2017-12-02 06:30:00-05:00	10.0	0.0	0.0	28.53	0.0	clear-night	
2017-12-02 06:45:00-05:00	10.0	0.0	0.0	28.515	0.0	clear-night	
2017-12-02 07:00:00-05:00	10.0	0.0	0.0	28.5	0.0	clear-night	
2017-12-02 07:15:00-05:00	10.0	0.0	0.0	28.47	0.01	clear-night	
2017-12-02 07:30:00-05:00	10.0	0.0	0.0	28.44	0.02	clear-night	
2017-12-02 07:45:00-05:00	10.0	0.0	0.0	28.41	0.03	clear-night	
2017-12-02 08:00:00-05:00	10.0	0.0	0.0	28.38	0.04	clear-day	
2017-12-02 08:15:00-05:00	10.0	0.25	0.0	28.3475	0.05	clear-day	
2017-12-02 08:30:00-05:00	10.0	0.5	0.0	28.315	0.06	clear-day	
2017-12-02 08:45:00-05:00	10.0	0.75	0.0	28.2825	0.07	clear-day	
2017-12-02 09:00:00-05:00	10.0	1.0	0.0	28.25	0.08	clear-day	
2017-12-02 09:15:00-05:00	10.0	1.0	0.0	28.2625	0.095	clear-day	
2017-12-02 09:30:00-05:00	10.0	1.0	0.0	28.275	0.11	clear-day	
2017-12-02 09:45:00-05:00	10.0	1.0	0.0	28.2875	0.125	clear-day	
2017-12-02 10:00:00-05:00	10.0	1.0	0.0	28.3	0.14	clear-day	
2017-12-02 10:15:00-05:00	10.0	1.0	0.0	28.3925	0.1525	clear-day	
2017-12-02 10:30:00-05:00	10.0	1.0	0.0	28.485	0.165	clear-day	
2017-12-02 10:45:00-05:00	10.0	1.0	0.0	28.5775	0.1775	clear-day	
2017-12-02 11:00:00-05:00	10.0	1.0	0.0	28.67	0.19	clear-day	
2017-12-02 11:15:00-05:00	10.0	1.0	0.0	28.82	0.2025	clear-day	
2017-12-02 11:30:00-05:00	10.0	1.0	0.0	28.97	0.215	clear-day	
2017-12-02 11:45:00-05:00	10.0	1.0	0.0	29.12	0.2275	clear-day	
2017-12-02 12:00:00-05:00	10.0	1.0	0.0	29.27	0.24	clear-day	
2017-12-02 12:15:00-05:00	10.0	1.0	0.0	29.3925	0.2625	clear-day	
2017-12-02 12:30:00-05:00	10.0	1.0	0.0	29.515	0.285	clear-day	
2017-12-02 12:45:00-05:00	10.0	1.0	0.0	29.6375	0.3075	clear-day	
2017-12-02 13:00:00-05:00	10.0	1.0	0.0	29.76	0.33	partly-cloudy-day	
2017-12-02 13:15:00-05:00	10.0	1.0	0.0	29.845	0.3675	partly-cloudy-day	
2017-12-02 13:30:00-05:00	10.0	1.0	0.0	29.93	0.405	partly-cloudy-day	
2017-12-02 13:45:00-05:00	10.0	1.0	0.0	30.015	0.4425	partly-cloudy-day	
2017-12-02 14:00:00-05:00	10.0	1.0	0.0	30.1	0.48	partly-cloudy-day	
2017-12-02 14:15:00-05:00	10.0	0.75	0.0	30.16	0.525	partly-cloudy-day	
2017-12-02 14:30:00-05:00	10.0	0.5	0.0	30.22	0.57	partly-cloudy-day	
2017-12-02 14:45:00-05:00	10.0	0.25	0.0	30.28	0.615	partly-cloudy-day	
2017-12-02 15:00:00-05:00	10.0	0.0	0.0	30.34	0.66	partly-cloudy-day	
2017-12-02 15:15:00-05:00	10.0	0.0	0.0	30.385	0.6975	partly-cloudy-day	
2017-12-02 15:30:00-05:00	10.0	0.0	0.0	30.43	0.735	partly-cloudy-day	
2017-12-02 15:45:00-05:00	10.0	0.0	0.0	30.475	0.7725	partly-cloudy-day	
2017-12-02 16:00:00-05:00	10.0	0.0	0.0	30.52	0.81	partly-cloudy-day	
2017-12-02 16:15:00-05:00	10.0	0.0	0.0	30.5425	0.8225	partly-cloudy-day	
2017-12-02 16:30:00-05:00	10.0	0.0	0.0	30.565	0.835	partly-cloudy-day	
2017-12-02 16:45:00-05:00	10.0	0.0	0.0	30.5875	0.8475	partly-cloudy-day	
2017-12-02 17:00:00-05:00	10.0	0.0	0.0	30.61	0.86	partly-cloudy-night	
2017-12-02 17:15:00-05:00	10.0	0.0	0.0	30.6175	0.865	partly-cloudy-night	
2017-12-02 17:30:00-05:00	10.0	0.0	0.0	30.625	0.87	partly-cloudy-night	
2017-12-02 17:45:00-05:00	10.0	0.0	0.0	30.6325	0.875	partly-cloudy-night	
2017-12-02 18:00:00-05:00	10.0	0.0	0.0	30.64	0.88	partly-cloudy-night	
2017-12-02 18:15:00-05:00	10.0	0.0	2.5e-05	30.605	0.885	partly-cloudy-night	rain
2017-12-02 18:30:00-05:00	10.0	0.0	5e-05	30.57	0.89	partly-cloudy-night	rain
2017-12-02 18:45:00-05:00	10.0	0.0	7.5e-05	30.535	0.895	partly-cloudy-night	rain
2017-12-02 19:00:00-05:00	10.0	0.0	0.0001	30.5	0.9	partly-cloudy-night	rain
2017-12-02 19:15:00-05:00	10.0	0.0	0.0001	30.4075	0.9075	partly-cloudy-night	rain
2017-12-02 19:30:00-05:00	10.0	0.0	0.0001	30.315	0.915	partly-cloudy-night	rain
2017-12-02 19:45:00-05:00	10.0	0.0	0.0001	30.2225	0.9225	partly-cloudy-night	rain
2017-12-02 20:00:00-05:00	10.0	0.0	0.0001	30.13	0.93	partly-cloudy-night	rain
2017-12-02 20:15:00-05:00	10.0	0.0	0.0001	29.9925	0.94	partly-cloudy-night	rain
2017-12-02 20:30:00-05:00	10.0	0.0	0.0001	29.855	0.95	partly-cloudy-night	rain
2017-12-02 20:45:00-05:00	10.0	0.0	0.0001	29.7175	0.96	partly-cloudy-night	rain
2017-12-02 21:00:00-05:00	10.0	0.0	0.0001	29.58	0.97	cloudy	rain
2017-12-02 21:15:00-05:00	10.0	0.0	0.0001	29.4825	0.9775	cloudy	rain
2017-12-02 21:30:00-05:00	10.0	0.0	0.0001	29.385	0.985	cloudy	rain
2017-12-02 21:45:00-05:00	10.0	0.0	0.0001	29.2875	0.9925	cloudy	rain
2017-12-02 22:00:00-05:00	10.0	0.0	0.0001	29.19	1.0	cloudy	rain
2017-12-02 22:15:00-05:00	10.0	0.0	7.5e-05	29.185	1.0	cloudy	rain
2017-12-02 22:30:00-05:00	10.0	0.0	5e-05	29.18	1.0	cloudy	rain
2017-12-02 22:45:00-05:00	10.0	0.0	2.5e-05	29.175	1.0	cloudy	rain
2017-12-02 23:00:00-05:00	10.0	0.0	0.0	29.17	1.0	cloudy	
2017-12-02 23:15:00-05:00	10.0	0.0	0.0	29.2075	1.0	cloudy	
2017-12-02 23:30:00-05:00	10.0	0.0	0.0	29.245	1.0	cloudy	
2017-12-02 23:45:00-05:00	10.0	0.0	0.0	29.2825	1.0	cloudy	
2017-12-03 00:00:00-05:00	10.0	0.0	0.0	29.32	1.0	cloudy	
2017-12-03 00:15:00-05:00	10.0	0.0	0.0	29.3825	1.0	cloudy	
2017-12-03 00:30:00-05:00	10.0	0.0	0.0	29.445	1.0	cloudy	
2017-12-03 00:45:00-05:00	10.0	0.0	0.0	29.5075	1.0	cloudy	
2017-12-03 01:00:00-05:00	10.0	0.0	0.0	29.57	1.0	cloudy	
2017-12-03 01:15:00-05:00	10.0	0.0	0.0	29.64	1.0	cloudy	
2017-12-03 01:30:00-05:00	10.0	0.0	0.0	29.71	1.0	cloudy	
2017-12-03 01:45:00-05:00	10.0	0.0	0.0	29.78	1.0	cloudy	
2017-12-03 02:00:00-05:00	10.0	0.0	0.0	29.85	1.0	cloudy	
2017-12-03 02:15:00-05:00	10.0	0.0	0.0	29.9575	1.0	cloudy	
2017-12-03 02:30:00-05:00	10.0	0.0	0.0	30.065	1.0	cloudy	
2017-12-03 02:45:00-05:00	10.0	0.0	0.0	30.1725	1.0	cloudy	
2017-12-03 03:00:00-05:00	10.0	0.0	0.0	30.28	1.0	cloudy	
2017-12-03 03:15:00-05:00	10.0	0.0	0.0	30.3175	1.0	cloudy	
2017-12-03 03:30:00-05:00	10.0	0.0	0.0	30.355	1.0	cloudy	
2017-12-03 03:45:00-05:00	10.0	0.0	0.0	30.3925	1.0	cloudy	
2017-12-03 04:00:00-05:00	10.0	0.0	0.0	30.43	1.0	cloudy	
2017-12-03 04:15:00-05:00	10.0	0.0	0.0	30.385	1.0	cloudy	
2017-12-03 04:30:00-05:00	10.0	0.0	0.0	30.34	1.0	cloudy	
2017-12-03 04:45:00-05:00	10.0	0.0	0.0	30.295	1.0	cloudy	
2017-12-03 05:00:00-05:00	10.0	0.0	0.0	30.25	1.0	cloudy	
2017-12-03 05:15:00-05:00	10.0	0.0	0.0	30.1475	1.0	cloudy	
2017-12-03 05:30:00-05:00	10.0	0.0	0.0	30.045	1.0	cloudy	
2017-12-03 05:45:00-05:00	10.0	0.0	0.0	29.9425	1.0	cloudy	
2017-12-03 06:00:00-05:00	10.0	0.0	0.0	29.84	1.0	cloudy	
2017-12-03 06:15:00-05:00	10.0	0.0	0.0	29.75	1.0	cloudy	
2017-12-03 06:30:00-05:00	10.0	0.0	0.0	29.66	1.0	cloudy	
2017-12-03 06:45:00-05:00	10.0	0.0	0.0	29.57	1.0	cloudy	
2017-12-03 07:00:00-05:00	10.0	0.0	0.0	29.48	1.0	cloudy	
2017-12-03 07:15:00-05:00	10.0	0.0	0.0	29.4225	0.9575	cloudy	
2017-12-03 07:30:00-05:00	10.0	0.0	0.0	29.365	0.915	cloudy	
2017-12-03 07:45:00-05:00	10.0	0.0	0.0	29.3075	0.8725	cloudy	
2017-12-03 08:00:00-05:00	10.0	0.0	0.0	29.25	0.83	partly-cloudy-day	
2017-12-03 08:15:00-05:00	10.0	0.25	0.0	29.2075	0.775	partly-cloudy-day	
2017-12-03 08:30:00-05:00	10.0	0.5	0.0	29.165	0.72	partly-cloudy-day	
2017-12-03 08:45:00-05:00	10.0	0.75	0.0	29.1225	0.665	partly-cloudy-day	
2017-12-03 09:00:00-05:00	10.0	1.0	0.0	29.08	0.61	partly-cloudy-day	
2017-12-03 09:15:00-05:00	10.0	1.0	2.5e-05	29.11	0.565	partly-cloudy-day	rain
2017-12-03 09:30:00-05:00	10.0	1.0	5e-05	29.14	0.52	partly-cloudy-day	rain
2017-12-03 09:45:00-05:00	10.0	1.0	7.5e-05	29.17	0.475	partly-cloudy-day	rain
2017-12-03 10:00:00-05:00	10.0	1.0	0.0001	29.2	0.43	partly-cloudy-day	rain
2017-12-03 10:15:00-05:00	10.0	1.0	7.5e-05	29.3525	0.4125	partly-cloudy-day	rain
2017-12-03 10:30:00-05:00	10.0	1.0	5e-05	29.505	0.395	partly-cloudy-day	rain
2017-12-03 10:45:00-05:00	10.0	1.0	2.5e-05	29.6575	0.3775	partly-cloudy-day	rain
2017-12-03 11:00:00-05:00	10.0	1.0	0.0	29.81	0.36	partly-cloudy-day	
2017-12-03 11:15:00-05:00	10.0	1.0	0.0	30.0425	0.3525	partly-cloudy-day	
2017-12-03 11:30:00-05:00	10.0	1.0	0.0	30.275	0.345	partly-cloudy-day	
2017-12-03 11:45:00-05:00	10.0	1.0	0.0	30.5075	0.3375	partly-cloudy-day	
2017-12-03 12:00:00-05:00	10.0	1.0	0.0	30.74	0.33	partly-cloudy-day	
2017-12-03 12:15:00-05:00	10.0	1.0	0.0	30.89	0.3225	partly-cloudy-day	
2017-12-03 12:30:00-05:00	10.0	1.0	0.0	31.04	0.315	partly-cloudy-day	
2017-12-03 12:45:00-05:00	10.0	1.0	0.0	31.19	0.3075	partly-cloudy-day	
2017-12-03 13:00:00-05:00	10.0	1.0	0.0	31.34	0.3	partly-cloudy-day	
2017-12-03 13:15:00-05:00	10.0	1.0	0.0	31.3475	0.2875	partly-cloudy-day	
2017-12-03 13:30:00-05:00	10.0	1.0	0.0	31.355	0.275	partly-cloudy-day	
2017-12-03 13:45:00-05:00	10.0	1.0	0.0	31.3625	0.2625	partly-cloudy-day	
2017-12-03 14:00:00-05:00	10.0	1.0	0.0	31.37	0.25	partly-cloudy-day	
2017-12-03 14:15:00-05:00	10.0	1.0	0.0	31.3125	0.2325	partly-cloudy-day	
2017-12-03 14:30:00-05:00	10.0	1.0	0.0	31.255	0.215	partly-cloudy-day	
2017-12-03 14:45:00-05:00	10.0	1.0	0.0	31.1975	0.1975	partly-cloudy-day	
2017-12-03 15:00:00-05:00	10.0	1.0	0.0	31.14	0.18	clear-day	
2017-12-03 15:15:00-05:00	10.0	0.75	0.0	31.095	0.1675	clear-day	
2017-12-03 15:30:00-05:00	10.0	0.5	0.0	31.05	0.155	clear-day	
2017-12-03 15:45:00-05:00	10.0	0.25	0.0	31.005	0.1425	clear-day	
2017-12-03 16:00:00-05:00	10.0	0.0	0.0	30.96	0.13	clear-day	
2017-12-03 16:15:00-05:00	10.0	0.0	0.0	30.98	0.1225	clear-day	
2017-12-03 16:30:00-05:00	10.0	0.0	0.0	31.0	0.115	clear-day	
2017-12-03 16:45:00-05:00	10.0	0.0	0.0	31.02	0.1075	clear-day	
2017-12-03 17:00:00-05:00	10.0	0.0	0.0	31.04	0.1	clear-night	
2017-12-03 17:15:00-05:00	10.0	0.0	0.0	31.07	0.095	clear-night	
2017-12-03 17:30:00-05:00	10.0	0.0	0.0	31.1	0.09	clear-night	
2017-12-03 17:45:00-05:00	10.0	0.0	0.0	31.13	0.085	clear-night	
2017-12-03 18:00:00-05:00	10.0	0.0	0.0	31.16	0.08	clear-night	
2017-12-03 18:15:00-05:00	10.0	0.0	0.0	31.135	0.075	clear-night	
2017-12-03 18:30:00-05:00	10.0	0.0	0.0	31.11	0.07	clear-night	
2017-12-03 18:45:00-05:00	10.0	0.0	0.0	31.085	0.065	clear-night	
2017-12-03 19:00:00-05:00	10.0	0.0	0.0	31.06	0.06	clear-night	
2017-12-03 19:15:00-05:00	10.0	0.0	0.0	30.885	0.055	clear-night	
2017-12-03 19:30:00-05:00	10.0	0.0	0.0	30.71	0.05	clear-night	
2017-12-03 19:45:00-05:00	10.0	0.0	0.0	30.535	0.045	clear-night	
2017-12-03 20:00:00-05:00	10.0	0.0	0.0	30.36	0.04	clear-night	
2017-12-03 20:15:00-05:00	10.0	0.0	0.0	30.125	0.035	clear-night	
2017-12-03 20:30:00-05:00	10.0	0.0	0.0	29.89	0.03	clear-night	
2017-12-03 20:45:00-05:00	10.0	0.0	0.0	29.655	0.025	clear-night	
2017-12-03 21:00:00-05:00	10.0	0.0	0.0	29.42	0.02	clear-night	
